{"cameraMode":{"drawMode":0,"name":"Shaded","section":"Shading Mode"},"sceneLighting":false,"audioPlay":false,"sceneViewState":{"m_AlwaysRefresh":false,"showFog":true,"showSkybox":true,"showFlares":true,"showImageEffects":true,"showParticleSystems":true,"showVisualEffectGraphs":true,"m_FxEnabled":true},"in2DMode":false,"pivot":{"x":4.903278350830078,"y":-65.78240966796875,"z":-138.54315185546876},"rotation":{"x":0.003086842829361558,"y":-0.9760020971298218,"z":0.21754349768161775,"w":0.013766612857580185},"size":89.03312683105469,"orthographic":false}